CustomerID,Gender,Age,Annual Income (k$),Spending Score (1-100)
1,Male,22,76,81
2,Female,59,50,40
3,Male,52,60,54
4,Female,41,56,35
5,Male,40,68,51
6,Male,63,95,62
7,Female,22,62,74
8,Female,54,76,45
9,Male,28,15,40
10,Female,22,59,53
11,Male,45,39,34
12,Female,69,30,35
13,Female,56,38,1
14,Male,58,52,14
15,Female,56,83,29
16,Male,59,27,1
17,Male,45,61,36
18,Male,24,48,64
19,Male,62,52,31
20,Female,41,85,67
21,Male,44,73,75
22,Male,37,93,93
23,Female,27,56,52
24,Male,67,43,53
25,Female,59,54,40
26,Male,52,66,33
27,Female,39,64,42
28,Female,61,33,1
29,Female,46,62,32
30,Male,41,66,46
31,Male,41,123,99
32,Female,30,107,99
33,Male,22,39,22
34,Female,47,53,50
35,Male,65,23,1
36,Female,21,45,59
37,Female,63,68,42
38,Male,61,90,24
39,Male,32,42,60
40,Female,51,44,25
41,Male,26,15,22
42,Female,58,56,20
43,Male,55,33,17
44,Female,36,47,52
45,Female,21,38,43
46,Male,69,58,42
47,Female,41,16,32
48,Male,65,23,42
49,Female,53,113,67
50,Male,59,28,1
51,Male,58,33,46
52,Male,28,106,75
53,Male,37,133,99
54,Male,42,31,40
55,Female,44,51,41
56,Male,20,69,70
57,Female,46,103,99
58,Male,26,35,80
59,Male,57,54,40
60,Female,54,79,57
61,Female,66,71,64
62,Male,57,51,22
63,Male,37,57,56
64,Female,69,26,18
65,Female,39,54,53
66,Female,35,53,33
67,Male,65,66,13
68,Male,37,46,6
69,Female,22,72,45
70,Female,42,85,55
71,Male,60,64,38
72,Male,28,69,95
73,Male,42,61,70
74,Female,24,60,40
75,Male,54,42,40
76,Male,43,68,46
77,Male,35,58,46
78,Female,30,112,86
79,Male,47,99,79
80,Male,53,70,44
81,Male,67,41,47
82,Male,41,32,14
83,Female,26,90,73
84,Male,62,67,91
85,Male,51,72,56
86,Female,55,16,45
87,Male,23,83,72
88,Female,34,71,69
89,Female,58,32,25
90,Male,62,48,30
91,Female,41,67,39
92,Male,60,61,49
93,Female,62,53,21
94,Male,38,57,61
95,Female,65,54,55
96,Female,33,64,62
97,Female,30,97,70
98,Male,54,15,27
99,Male,51,54,36
100,Male,25,64,76
101,Male,62,67,11
102,Female,28,51,44
103,Male,60,16,1
104,Female,18,68,37
105,Female,60,103,89
106,Male,59,22,37
107,Male,59,82,41
108,Female,53,52,13
109,Male,42,58,1
110,Male,55,34,19
111,Female,32,52,93
112,Female,59,93,67
113,Male,47,75,45
114,Male,42,103,81
115,Male,44,89,36
116,Female,48,71,47
117,Female,19,104,85
118,Female,25,71,61
119,Female,31,81,80
120,Female,24,53,60
121,Male,41,62,63
122,Male,53,43,22
123,Female,52,85,75
124,Female,42,31,62
125,Female,63,80,33
126,Male,47,55,28
127,Male,22,89,98
128,Male,58,79,49
129,Male,48,106,97
130,Female,51,78,47
131,Female,47,21,52
132,Male,47,58,48
133,Male,22,31,47
134,Female,47,47,68
135,Male,60,98,55
136,Female,34,76,45
137,Female,49,43,29
138,Male,19,35,54
139,Male,36,61,24
140,Female,41,30,45
141,Female,70,43,17
142,Male,29,68,80
143,Female,32,89,26
144,Female,39,75,45
145,Female,70,15,1
146,Male,63,68,29
147,Female,19,62,65
148,Female,30,70,57
149,Male,61,100,58
150,Male,21,15,31
151,Female,63,45,35
152,Male,32,75,44
153,Male,66,20,29
154,Male,33,97,85
155,Female,41,69,61
156,Female,53,81,66
157,Male,24,46,55
158,Female,47,80,94
159,Male,44,87,61
160,Female,59,66,39
161,Female,70,66,26
162,Female,53,67,29
163,Male,39,38,16
164,Female,39,56,32
165,Male,40,56,47
166,Female,61,70,52
167,Male,35,85,67
168,Male,26,34,28
169,Male,35,57,67
170,Female,19,97,93
171,Male,23,41,44
172,Female,22,39,35
173,Male,58,65,55
174,Male,56,81,58
175,Female,54,60,18
176,Male,42,93,66
177,Female,56,81,59
178,Female,26,81,52
179,Male,65,74,50
180,Male,44,118,54
181,Male,67,55,59
182,Female,26,15,54
183,Female,44,100,66
184,Male,54,49,44
185,Male,44,63,6
186,Male,41,93,47
187,Male,26,20,29
188,Female,38,29,15
189,Female,30,20,45
190,Male,33,40,78
191,Female,54,71,29
192,Male,51,73,37
193,Male,50,67,54
194,Female,37,25,61
195,Female,68,15,1
196,Female,22,61,63
197,Male,36,48,78
198,Male,24,71,34
199,Male,35,78,39
200,Male,68,63,31
